{
  "spearman_r": -0.35651365157044745,
  "p_value": 0.028017417549418167,
  "n_observations": 38
}