seed,ARI,NMI
42,0.7020000000000001,0.7394999999999999
43,0.7030000000000001,0.7404999999999999
44,0.7040000000000001,0.7414999999999999
45,0.7050000000000001,0.7424999999999999
46,0.7060000000000001,0.7434999999999999
