{
    "dataset": "nsl_kdd",
    "num_seeds": 5,
    "mean_accuracy": 0.0010230179028132994,
    "std_accuracy": 0.0012529359298123675,
    "seed_accuracies": [
        0.0025575447570332483,
        0.0,
        0.0,
        0.0025575447570332483,
        0.0
    ],
    "seeds_used": [
        42,
        123,
        456,
        789,
        999
    ],
    "baseline_accuracy": 0.0,
    "improvement_over_baseline": 0.0010230179028132994
}