{
  "dataset": "unsw_nb15",
  "num_seeds": 5,
  "seeds": [
    42,
    43,
    44,
    45,
    46
  ],
  "seed_accuracies": [
    0.4,
    0.46,
    0.38,
    0.39,
    0.39
  ],
  "mean_accuracy": 0.4040000000000001,
  "std_accuracy": 0.02870540018881465,
  "baseline_accuracy": 0.47,
  "hgnn_advantage_pp": -0.06599999999999989
}