{
  "experiment1_all_methods": {
    "unsw_nb15_n495": {
      "MITRE-CORE (Union-Find)": {
        "ARI": -0.01101534273267035,
        "NMI": 0.04832089965658238,
        "Homogeneity": 0.02773629554217333,
        "Completeness": 0.1874022064955967,
        "V-Measure": 0.04832089965658238,
        "FMI": 0.42559806182123583,
        "Pred_Clusters": 4,
        "Time_s": 89.44892358779907
      },
      "DBSCAN": {
        "ARI": 0.0,
        "NMI": 0.0,
        "Homogeneity": 0.0,
        "Completeness": 1.0,
        "V-Measure": 0.0,
        "FMI": 0.458724501550664,
        "Pred_Clusters": 1,
        "Time_s": 0.008117437362670898
      },
      "K-Means": {
        "ARI": 0.3495380457424172,
        "NMI": 0.3965428209485874,
        "Homogeneity": 0.4408310435731779,
        "Completeness": 0.36034104963572716,
        "V-Measure": 0.39654282094858745,
        "FMI": 0.4679869671653105,
        "Pred_Clusters": 10,
        "Time_s": 1.6145057678222656
      },
      "Hierarchical": {
        "ARI": 0.35790026693753224,
        "NMI": 0.4122131901839282,
        "Homogeneity": 0.4653074533836516,
        "Completeness": 0.3699946656036703,
        "V-Measure": 0.4122131901839282,
        "FMI": 0.4742643903772928,
        "Pred_Clusters": 10,
        "Time_s": 0.02661275863647461
      },
      "Rule-Based": {
        "ARI": 0.34718760601342186,
        "NMI": 0.5182163384555702,
        "Homogeneity": 0.9342147426566876,
        "Completeness": 0.3585547544085247,
        "V-Measure": 0.5182163384555702,
        "FMI": 0.4957570130323222,
        "Pred_Clusters": 250,
        "Time_s": 0.02900218963623047
      },
      "IP-Subnet": {
        "ARI": 0.34718760601342186,
        "NMI": 0.5182163384555702,
        "Homogeneity": 0.9342147426566876,
        "Completeness": 0.3585547544085247,
        "V-Measure": 0.5182163384555702,
        "FMI": 0.4957570130323222,
        "Pred_Clusters": 250,
        "Time_s": 0.031880855560302734
      },
      "Hybrid (UF+DBSCAN)": {
        "ARI": -0.011154464649915898,
        "NMI": 0.034302762437239794,
        "Homogeneity": 0.01954944013946657,
        "Completeness": 0.13982137700111125,
        "V-Measure": 0.034302762437239794,
        "FMI": 0.4255399700062947,
        "Pred_Clusters": 3,
        "Time_s": 88.66050052642822
      },
      "Cosine-Similarity": {
        "ARI": 0.001578198494981456,
        "NMI": 0.006598138429711042,
        "Homogeneity": 0.0033267739292612937,
        "Completeness": 0.39615125765465653,
        "V-Measure": 0.006598138429711042,
        "FMI": 0.4591537900607024,
        "Pred_Clusters": 2,
        "Time_s": 0.03781294822692871
      },
      "Temporal": {
        "ARI": 0.19963333287797122,
        "NMI": 0.3057818975075802,
        "Homogeneity": 0.24456099947436513,
        "Completeness": 0.40788854095635996,
        "V-Measure": 0.3057818975075802,
        "FMI": 0.43222444655938447,
        "Pred_Clusters": 3,
        "Time_s": 0.25485777854919434
      }
    },
    "unsw_nb15_n995": {
      "DBSCAN": {
        "ARI": 0.0,
        "NMI": 0.0,
        "Homogeneity": 0.0,
        "Completeness": 1.0,
        "V-Measure": 0.0,
        "FMI": 0.45852633843800483,
        "Pred_Clusters": 1,
        "Time_s": 0.017185449600219727
      },
      "K-Means": {
        "ARI": 0.3337295016479444,
        "NMI": 0.3642079706803981,
        "Homogeneity": 0.4089857981543164,
        "Completeness": 0.3282675806740952,
        "V-Measure": 0.36420797068039806,
        "FMI": 0.45366636228017476,
        "Pred_Clusters": 10,
        "Time_s": 0.0403752326965332
      },
      "Hierarchical": {
        "ARI": 0.34779771005576254,
        "NMI": 0.3718572152003784,
        "Homogeneity": 0.41710539290590726,
        "Completeness": 0.33546545265333333,
        "V-Measure": 0.37185721520037834,
        "FMI": 0.4658225867923577,
        "Pred_Clusters": 10,
        "Time_s": 0.014548301696777344
      },
      "Rule-Based": {
        "ARI": 0.34753827483225924,
        "NMI": 0.48660257554336417,
        "Homogeneity": 0.9047922292682824,
        "Completeness": 0.33278931083883256,
        "V-Measure": 0.4866025755433641,
        "FMI": 0.49338552667065244,
        "Pred_Clusters": 421,
        "Time_s": 0.06113100051879883
      },
      "IP-Subnet": {
        "ARI": 0.34753827483225924,
        "NMI": 0.48660257554336417,
        "Homogeneity": 0.9047922292682824,
        "Completeness": 0.33278931083883256,
        "V-Measure": 0.4866025755433641,
        "FMI": 0.49338552667065244,
        "Pred_Clusters": 421,
        "Time_s": 0.06885004043579102
      },
      "Hybrid (UF+DBSCAN)": {
        "ARI": -0.006208451693907159,
        "NMI": 0.01789846374408992,
        "Homogeneity": 0.009535212650066953,
        "Completeness": 0.14562393879668004,
        "V-Measure": 0.01789846374408992,
        "FMI": 0.44230409451874253,
        "Pred_Clusters": 2,
        "Time_s": 351.3549165725708
      },
      "Temporal": {
        "ARI": 0.07827901565641217,
        "NMI": 0.17197618074331855,
        "Homogeneity": 0.13047969226538172,
        "Completeness": 0.25217567119706197,
        "V-Measure": 0.17197618074331852,
        "FMI": 0.3693916298018241,
        "Pred_Clusters": 3,
        "Time_s": 0.31850242614746094
      }
    },
    "unsw_nb15_n1993": {
      "DBSCAN": {
        "ARI": 0.17572629975734513,
        "NMI": 0.2598373547575345,
        "Homogeneity": 0.22848241919031476,
        "Completeness": 0.3011668708992645,
        "V-Measure": 0.2598373547575345,
        "FMI": 0.3974657980626126,
        "Pred_Clusters": 15,
        "Time_s": 0.052143096923828125
      },
      "K-Means": {
        "ARI": 0.3326602421908691,
        "NMI": 0.35435655984375986,
        "Homogeneity": 0.39827695453453743,
        "Completeness": 0.31916078131440023,
        "V-Measure": 0.35435655984375986,
        "FMI": 0.45281233998586407,
        "Pred_Clusters": 10,
        "Time_s": 0.02676558494567871
      },
      "Hierarchical": {
        "ARI": 0.33869945258535283,
        "NMI": 0.3680369212028839,
        "Homogeneity": 0.41301448922274997,
        "Completeness": 0.3318934872820291,
        "V-Measure": 0.3680369212028839,
        "FMI": 0.45794740860086003,
        "Pred_Clusters": 10,
        "Time_s": 0.05406951904296875
      },
      "Rule-Based": {
        "ARI": 0.3452462765833383,
        "NMI": 0.45598565031886745,
        "Homogeneity": 0.8813588272362537,
        "Completeness": 0.30755118626018235,
        "V-Measure": 0.45598565031886745,
        "FMI": 0.4910435708048787,
        "Pred_Clusters": 732,
        "Time_s": 0.1226339340209961
      },
      "IP-Subnet": {
        "ARI": 0.3452449958762304,
        "NMI": 0.4558255963748542,
        "Homogeneity": 0.8809581435971202,
        "Completeness": 0.30745435520600634,
        "V-Measure": 0.45582559637485415,
        "FMI": 0.49104145353961315,
        "Pred_Clusters": 731,
        "Time_s": 0.11854219436645508
      },
      "Hybrid (UF+DBSCAN)": {
        "ARI": -0.00433274930612486,
        "NMI": 0.010979834624279306,
        "Homogeneity": 0.00575658007010555,
        "Completeness": 0.11851354432339686,
        "V-Measure": 0.010979834624279306,
        "FMI": 0.44729618478402905,
        "Pred_Clusters": 2,
        "Time_s": 1407.6512537002563
      },
      "Temporal": {
        "ARI": 0.20358182197603253,
        "NMI": 0.28879619371582843,
        "Homogeneity": 0.2333065323904394,
        "Completeness": 0.3789181426927076,
        "V-Measure": 0.28879619371582843,
        "FMI": 0.43002947996569135,
        "Pred_Clusters": 5,
        "Time_s": 0.5645356178283691
      }
    }
  },
  "experiment2_hgnn": {},
  "experiment3_scalability": [
    {
      "Target_Size": 50,
      "Actual_Size": 49,
      "True_Clusters": 10,
      "UF_Time": 0.8370344638824463,
      "KMeans_Time": 0.03809094429016113,
      "Hierarchical_Time": 0.0005042552947998047,