{
  "pearson_r": 0.23477886162537542,
  "p_value": 0.7652211383746246,
  "n": 4
}