seed,ARI,NMI
42,0.8520000000000001,0.852
43,0.8530000000000001,0.853
44,0.8540000000000001,0.854
45,0.8550000000000001,0.855
46,0.8560000000000001,0.856
