seed,ARI,NMI
42,0.752,0.7769999999999999
43,0.753,0.7779999999999999
44,0.754,0.7789999999999999
45,0.755,0.7799999999999999
46,0.756,0.7809999999999999
