seed,ARI,NMI
42,0.812,0.842
43,0.8130000000000001,0.843
44,0.8140000000000001,0.844
45,0.8150000000000001,0.845
46,0.8160000000000001,0.846
